TITLE: Bill of Materials
BOM NO: 05-073235-01-b.csv
DATE: 06/29/2023
DESIGN: 02_073235b_top
TEMPLATE: Z:\allegro\v174_site\cdssetup\template.bom
CALLOUT: 

ITEM#,Qty,WW_PN,DESCRIPTION," VALUE",JEDEC_TYPE,TOL,VOLTAGE,WATTAGE,LOCATION,MFG," MFG_PN",HLM_STATUS,STOCKROOM_WL,STOCKROOM_GT,STOCKROOM_LK,STOCKROOM_GBO,STOCKROOM_NSH,CUSTOM_PART,DNI
1,1,08_073235b,PCB,?,?,?,?,?,?,Analog Devices Supplied,08_073235b,N/A,?,?,?,?,?,?,?
2,1,E033808,CAP CER 100pF 50V 1% C0G 0402 AEC-Q200," 100pF",C0402,1,50V,N/A,C1,MURATA," GCM1555C1H101FA16D",REL,N/A,N/A,N/A,N/A,N/A,?,?
3,3,E018868,CAP CER 4.7uF 25V 10% X7R 1206," 4.7uF",C1206H71,10,25V,N/A,"C10,C15,C21",KEMET," C1206C475K3RACTU",REL,N/A,N/A,N/A,N/A,7003168,?,?
4,4,E059727,CAP CER 150PF 25V 10% X7R 0402," 150PF",C0402,10,25V,N/A,"C43,C100,C101,C113",KEMET," C0402C151K3RACTU",REL,N/A,N/A,N/A,N/A,N/A,?,?
6,27,E020410,CAP CER 0.01uF 25V 5% X7R 0402," 0.01uF",C0402,5,25V,N/A,"C2,C6,C9,C13,C18,C22,C23,C25,C28,C58,C63,C64,C69,C70,C73,C74,C79,C80,C90,C91,C94,C103,C108,C109,C110,C111,C112",KEMET," C0402C103J3RACTU",REL,N/A,N/A,N/A,N/A,N/A,?,?
7,24,E027519,CAP CER 0.1uF 16V 10% X7R 0402," 0.1uF",C0402,10,16V,N/A,"C4,C5,C11,C12,C16,C19,C20,C24,C27,C81,C82,C83,C84,C85,C86,C87,C88,C89,C92,C93,C99,C104,C114,C275",AMERICAN TECHNICAL CERAMICS," 530L104KT16T",REL,N/A,N/A,N/A,N/A,N/A,?,?
8,2,E000714,CAP TANT 10uF 35V 10% 6032-28," 10uF",C6032,10,35V,N/A,"C3,C107",AVX," TAJC106K035RNJ",REL,A004-0007-047,N/A,197634,N/A,7002517,?,?
9,3,E014208,CAP CER 1uF 100V 10% X7S 0805," 1uF",C0805,10,100V,N/A,"C8,C14,C17",TDK," C2012X7S2A105K125AB",REL,N/A,N/A,N/A,N/A,7002691,?,?
10,2,E033792,CAP CER 12pF 50V 1% C0G 0402," 12pF",C0402,1,50V,N/A,"C7,C26",MURATA," GJM1555C1H120FB01D",REL,N/A,N/A,N/A,N/A,N/A,?,?
11,1,E011557,CAP CER 0.047uF 16V 10% X5R 0402," 0.047uF",C0402,10,16V,N/A,C276,AVX," 0402YD473KAT2A",REL,N/A,N/A,N/A,144_BIN2-2F,7002046,?,?
12,1,E039013,CAP CER 0.47uF 25V 10% X5R 0402," 0.47uF",C0402,10,25V,N/A,C277,SAMSUNG," CL05A474KA5NNNC",REL,N/A,N/A,N/A,N/A,N/A,?,?
13,1,E029581,CAP CER 100uF 16V 20% X5R 1210," 100uF",C1210H106,20,16V,N/A,C278,TAIYO YUDEN," EMK325ABJ107MM-P",REL,N/A,N/A,N/A,N/A,N/A,?,?
14,2,E030858,CAP CER 8pF 50V 0.1% C0G 0402 AEC-Q200," 8pF",C0402,0.1,50V,N/A,"C29,C30",MURATA," GCM1555C1H8R0BA16D",REL,N/A,N/A,N/A,N/A,N/A,?,?
15,17,E017585,CAP CER 1uF 10V 10% X7S 0402," 1uF",C0402,10,10V,N/A,"C31,C32,C33,C34,C35,C36,C38,C42,C47,C61,C62,C67,C68,C71,C72,C77,C78",TDK," C1005X7S1A105K050BC",REL,N/A,N/A,N/A,N/A,7002696,?,?
16,1,E014704,CAP CER 10uF 25V 10% X5R 0805," 10uF",C0805H60,10,25V,N/A,C37,MURATA," GRM21BR61E106KA73L",REL,N/A,N/A,N/A,N/A,7002498,?,?
18,1,E022680,CAP CER 22uF 10V 20% X5R 0603," 22uF",C0603,20,10V,N/A,C40,MURATA," GRM188R61A226ME15D",REL,N/A,N/A,N/A,N/A,N/A,?,?
20,3,E033991,CAP CER 22uF 25V 10% X5R 1206," 22uF",C1206H71,10,25V,N/A,"C44,C45,C52",SAMSUNG," CL31A226KAHNNNE",REL,N/A,N/A,N/A,N/A,N/A,?,?
21,1,E042764,CAP CER 1NF 25V 10% X7R 0402," 1NF",C0402,10,25V,N/A,C46,AVX CORPORATION," 04023C102KAT2A",REL,N/A,N/A,N/A,N/A,N/A,?,?
22,6,E015288,CAP CER 2.2uF 10V 10% X7R 0603," 2.2uF",C0603,10,10V,N/A,"C48,C49,C50,C55,C56,C57",MURATA," GRM188R71A225KE15D",REL,N/A,N/A,N/A,N/A,N/A,?,?
23,1,E042787,CAP CER 22PF 25V 10% COG 0402," 22PF",C0402,10,25V,N/A,C51,AVX CORPORATION," 04023A220KAT2A",REL,N/A,N/A,N/A,N/A,N/A,?,?
24,2,E019173,CAP CER 47uF 25V 20% X5R 1206 LOW ESR," 47uF",C1206H71,20,25V,N/A,"C53,C54",TDK," C3216X5R1E476M160AC",REL,N/A,N/A,N/A,N/A,7003295,?,?
25,6,E047702,CAP CER 10UF 10V 10% X7T 0603," 10UF",C0603,10,10V,N/A,"C59,C60,C65,C66,C75,C76",MURATA," GRM188D71A106KA73D",REL,N/A,N/A,N/A,N/A,N/A,?,?
26,2,E024908,CAP CER 0.1uF 100V 10% X7R 0603," 0.1uF",C0603,10,100V,N/A,"C95,C96",MURATA," GRM188R72A104KA35D",REL,N/A,N/A,N/A,N/A,N/A,?,?
27,1,E018427,CAP CER 0.01uF 100V 10% X7S 0402 AEC-Q200," 0.01uF",C0402H22,10,100V,N/A,C97,TDK," CGA2B3X7S2A103K050BB",REL,N/A,N/A,N/A,N/A,7001943,?,?
28,2,E035886,"DIO TVS ARRAY, LOW CAPACITANCE ESD PROTECTION"," SP3001-04JTG",SC70-6H43,N/A,6V,N/A,"D1,D2","LITTELFUSE, INC."," SP3001-04JTG",REL,N/A,N/A,N/A,N/A,N/A,?,?
29,2,E045034,"LED SMD BI-COLOR RED 645 NM, GREEN 574 NM"," KPTB-1612LVSURKCGKC",LEDSML63W49H33,N/A,1.75V/1.9V,N/A,"D3,D4",KINGBRIGHT ELECTRONIC," KPTB-1612LVSURKCGKC",REL,N/A,N/A,N/A,N/A,N/A,?,?
30,1,E025426,"LED BLUE CLEAR, 470NM WAVELENGTH PEAK"," SML-LX0805USBC-TR",LED0805_A,N/A,3.5V,N/A,DS1,LUMEX INC.," SML-LX0805USBC-TR",REL,N/A,N/A,N/A,N/A,N/A,?,?
31,2,E014445,LED LOW CURRENT (GREEN)," SML-P11MTT86R",LED0402,N/A,N/A,0.054W,"DS3,DS4",ROHM," SML-P11MTT86R",REL,N/A,N/A,N/A,N/A,N/A,?,?
32,2,E016865,IND CHIP FERRITE BEAD," 220OHM",L0402,25,N/A,N/A,"E2,E3",MURATA MANUFACTURING," BLM15AX221SN1D",REL,N/A,N/A,N/A,N/A,7005055,?,?
33,1,E012241,IND CHIP FERRITE BD," 100OHM",L0805,25,N/A,N/A,E4,TDK," MPZ2012S101A",REL,N/A,N/A,N/A,N/A,7004820,?,?
34,2,E061477,IND FERRITE BEAD 120 OHM 25% 100MHZ 2A 0.055 OHM DCR 0402," 120 OHM AT 100MEGHZ",L0402,25,N/A,N/A,"E5,E6",MURATA," BLM15PX121SN1D",REL,N/A,N/A,N/A,N/A,N/A,?,?
35,1,E059821,MOD RJ-45 JACK INT.MAG. 1GB LED 1X1," 5-2301995-4",M5-2301995-4,N/A,N/A,N/A,J1,TE CONNECTIVITY," 5-2301995-4",REL,N/A,N/A,N/A,N/A,N/A,?,?
36,1,E014920,"IND SHIELDED POWER, DCR .0522OHM, 2.7A"," 4.7uH",LSMSQ157H83,20,N/A,N/A,L1,COILCRAFT," XFL4020-472MEC",REL,N/A,N/A,N/A,N/A,N/A,?,?
37,1,E023407,"CONN-PCB HDR 1.27MM PITCH, KEYING OPTION"," FTSH-105-01-L-DV-K",CNHDR2X5H245,N/A,N/A,N/A,P1,SAMTEC," FTSH-105-01-L-DV-K",REL,N/A,N/A,N/A,N/A,N/A,?,?
39,1,E032732,"CONN-PCB DC POWER VERTICAL JACK, 2.5A"," PJ-044A",CNCUIPJ-044A,N/A,N/A,N/A,P14,CUI INC," PJ-044A",REL,N/A,N/A,N/A,N/A,N/A,?,?
40,1,E030241,"CONN-PCB 52POS MINI PCI EXPRESS CARD 0.80MM PITCH, 5.2MM STACK HEIGHT"," MM60-52B1-E1-R650",CNJAEMM60-52B1-E1,N/A,N/A,N/A,P2,JAE (JAPAN AVIATION ELECTRONICS)," MM60-52B1-E1-R650",REL,N/A,N/A,N/A,N/A,N/A,?,?
41,1,E030240,CONN-PCB MINI EXPRESS CARD LATCH," MM60-EZH059-B5-R650",CNJAEMM60-EZH059-B5_H276,N/A,N/A,N/A,P7,JAE (JAPAN AVIATION ELECTRONICS)," MM60-EZH059-B5-R650",REL,N/A,N/A,N/A,N/A,N/A,?,?
42,1,E023670,TRAN N-CH MOSFET 30V 39A," PSMN013-30MLC,115",SOT1210,N/A,30V,N/A,Q1,NXP SEMICONDUCTORS," PSMN013-30MLC,115",REL,N/A,N/A,N/A,N/A,N/A,?,?
44,1,E018770,TRAN N-CHAN POWER MOSFET," BSS138LT1G",SOT23,N/A,50V,N/A,Q3,ON SEMICONDUCTOR," BSS138LT1G",REL,N/A,N/A,N/A,N/A,1004217,?,?
45,9,E010156,RES SMD 1.5K Ohm 1% 1/10W 0603," 1.5K",R0603,1,50V,1/10W,"R1,R12,R14,R15,R48,R49,R55,R127,R129",BOURNS," CR0603-FX-1501ELF",REL,N/A,N/A,N/A,N/A,7005561,?,?
46,1,E027299,RES SMD 3.01K Ohm 1% 1/10W 0402 AEC-Q200," 3.01K",R0402,1,N/A,1/10W,R10,PANASONIC," ERJ-2RKF3011X",REL,N/A,N/A,N/A,N/A,N/A,?,?
47,39,E003751,RES SMD 10K Ohm 1% 1/10W 0402 AEC-Q200," 10K",R0402,1,N/A,1/10W,"R2,R9,R17,R23,R27,R41,R52,R53,R54,R56,R61,R62,R64,R81,R84,R85,R86,R87,R89,R90,R91,R100,R101,R104,R106,R107,R110,R112,R114,R115,R117,R118,R119,R120,R121,R128,R137,R160,R161",PANASONIC," ERJ-2RKF1002X",REL,A003-0035-004,41816DG719,N/A,N/A,7000582,?,?
49,1,E034483,RES SMD 0 Ohm JUMPER 1/10W 0603," 0",R0603,JUMPER,N/A,1/10W,R11,YAGEO," RC0603JR-070RL",REL,N/A,N/A,N/A,N/A,N/A,?,?
50,2,E032338,RES SMD 220 Ohm 0.1% 1/16W 0402 AEC-Q200 HIGH RELIABILITY," 220",R0402,0.1,N/A,1/16W,"R60,R122",PANASONIC," ERA-2AEB221X",REL,N/A,N/A,N/A,N/A,N/A,?,?
51,4,E013600,RES SMD 8.25K Ohm 1% 1/10W 0402 AEC-Q200," 8.25K",R0402,1,N/A,1/10W,"R40,R123,R131,R132",PANASONIC," ERJ-2RKF8251X",REL,N/A,N/A,N/A,N/A,N/A,?,?
52,2,E003752,RES SMD 2K Ohm 1% 1/10W 0402 AEC-Q200," 2K",R0402,1,N/A,1/10W,"R124,R130",PANASONIC," ERJ-2RKF2001X",REL,A003-0035-005,N/A,N/A,N/A,N/A,?,?
54,16,E020519,RES SMD 33 Ohm 1% 1/10W 0402 AEC-Q200," 33",R0402,1,N/A,1/10W,"R66,R67,R69,R71,R72,R73,R74,R75,R76,R77,R78,R83,R88,R92,R126,R135",PANASONIC," ERJ-2RKF33R0X",REL,N/A,N/A,N/A,N/A,N/A,?,?
55,3,E003763,RES SMD 1K Ohm 1% 1/10W 0402 AEC-Q200," 1K",R0402,1,N/A,1/10W,"R13,R70,R133",PANASONIC," ERJ-2RKF1001X",REL,A003-0035-019,N/A,N/A,751_CAB3,7001202,?,?
56,2,E003768,RES SMD 10 Ohm 1% 1/10W 0402 AEC-Q200," 10",R0402,1,N/A,1/10W,"R82,R136",PANASONIC," ERJ-2RKF10R0X",REL,A003-0035-025,41816DG1131,N/A,N/A,N/A,?,?
59,1,E061023,RES SMD 0.025 OHM 1% 1/2W 0603," 0.025",R0603H31,1,N/A,1/2W,R166,THIN FILM TECHNOLOGY," D1WEL0603MR025F-T5",REL,N/A,N/A,N/A,N/A,N/A,?,?
60,2,E003760,RES SMD 100 Ohm 1% 1/16W 0402," 100",R0402,1,N/A,1/16W,"R18,R19",VENKEL," CR0402-16W-1000FPT",REL,A003-0035-014,N/A,N/A,749_CAB3,N/A,?,?
63,11,E026790,RES SMD 30 Ohm 1% 1/20W 0201," 30",R0201,1,N/A,1/20W,"R22,R24,R26,R28,R33,R34,R35,R36,R37,R38,R39",PANASONIC,"  ERJ-1GNF30R0C",REL,N/A,N/A,N/A,N/A,N/A,?,?
64,5,E003438,RES SMD 0 Ohm JUMPER 1/10W 0402 AEC-Q200," 0",R0402,JUMPER,N/A,1/10W,"R3,R5,R8,R93,R94",PANASONIC," ERJ-2GE0R00X",REL,A003-0021-001,N/A,N/A,1138_CAB3,7000282,?,?
65,1,E035428,RES SMD 162K Ohm 1% 1/10W 0402 AEC-Q200," 162K",R0402,1,N/A,1/10W,R30,PANASONIC," ERJ-2RKF1623X",REL,N/A,N/A,N/A,N/A,N/A,?,?
66,1,E008023,RES SMD 3K Ohm 5% 1/10W 0402 AEC-Q200," 3K",R0402,5,N/A,1/10W,R31,PANASONIC," ERJ-2GEJ302X",REL,N/A,N/A,N/A,N/A,7007454,?,?
68,2,E003464,RES SMD 100K Ohm 5% 1/10W 0402 AEC-Q200," 100K",R0402,5,N/A,1/10W,"R4,R7",PANASONIC," ERJ-2GEJ104X",REL,N/A,N/A,N/A,N/A,7005773,?,?
69,1,E013603,RES SMD 160K Ohm 1% 1/10W 0402 AEC-Q200," 160K",R0402,1,N/A,1/10W,R42,PANASONIC," ERJ-2RKF1603X",REL,N/A,N/A,N/A,N/A,7006276,?,?
70,1,E019943,RES SMD 90.9K Ohm 1% 1/10W 0402 AEC-Q200," 90.9K",R0402,1,N/A,1/10W,R43,PANASONIC," ERJ-2RKF9092X",REL,N/A,N/A,N/A,N/A,N/A,?,?
71,1,E019735,RES SMD 71.5K Ohm 1% 1/16W 0402 AEC-Q200," 71.5K",R0402,1,N/A,1/16W,R44,VISHAY," CRCW040271K5FKED",REL,N/A,N/A,N/A,N/A,N/A,?,?
72,3,E003791,RES SMD 20K Ohm 1% 1/10W 0402 AEC-Q200," 20K",R0402,1,N/A,1/10W,"R45,R46,R47",PANASONIC," ERJ-2RKF2002X",REL,A003-0035-048,41816DG1537,N/A,1264_CAB3,N/A,?,?
73,1,E003711,RES SMD 2K Ohm 1% 1/10W 0603," 2K",R0603,1,N/A,1/10W,R50,YAGEO," RC0603FR-072KL",REL,A003-0032-062,N/A,N/A,N/A,N/A,?,?
75,1,E027469,RES SMD 56K Ohm 1% 1/10W 0603 AEC-Q200," 56K",R0603,1,N/A,1/10W,R63,PANASONIC," ERJ-3EKF5602V",REL,N/A,N/A,N/A,N/A,N/A,?,?
78,1,E012751,SW SLIDE SPDT GULLWING," CJS-1200TB",SWSML213W98H98,N/A,N/A,N/A,S1,NIDEC COPAL ELECTRONICS," CJS-1200TB",REL,N/A,N/A,N/A,N/A,6003213,?,?
79,2,E025176,"SW TACTILE, MICROMINIATURE TOP ACTUATED, SPST-NO"," PTS830 GM140 SMTR LFS",SWSML102W120H59,N/A,N/A,N/A,"S2,S3",C&K," PTS830 GM140 SMTR LFS",REL,N/A,N/A,N/A,N/A,N/A,?,?
80,1,E022242,CONN-PCB MICRO PIN," 1405-2",CNKEY1405-2,N/A,N/A,N/A,TP4,KEYSTONE ELECTRONICS," 1405-2",REL,N/A,N/A,N/A,N/A,N/A,?,?
81,1,E014160,IC 32KBIT SERIAL EEPROM," 24LC32A-I/MS",MSOP8,N/A,N/A,?,U1,MICROCHIP TECHNOLOGY," 24LC32A-I/MS",REL,N/A,N/A,N/A,N/A,1000629,?,?
82,3,E058338,IC-ADI 0.1A LOW VOLTAGE. VERY LOW DROPUT LINERA REGULATOR," LT3020EMS8#TRPBF",MSOP8,N/A,N/A,?,"U8,U9,U10",ANALOG DEVICES," LT3020EMS8#TRPBF",REL,N/A,N/A,N/A,N/A,N/A,?,?
83,2,E042318,IC-TTL VOLTAGE LEVEL TRANSLATOR BIDIR 4-CH 3-STATE," 74AVC4T774GUX",QFN16_2_6X1_8_A,N/A,N/A,?,"U5,U11",NEXPERIA," 74AVC4T774GUX",REL,N/A,N/A,N/A,N/A,N/A,?,?
84,1,E049702,"IC-ADI HOT SWAP CONTROLLER AND DIGITAL POWER MONITOR WITH SOFT START PIN, LATCHED OFF VERSION"," ADM1177-2ARMZ",RM10,N/A,N/A,?,U12,ANALOG DEVICES," ADM1177-2ARMZ-R7",REL,N/A,N/A,N/A,N/A,N/A,?,?
85,1,E054841,"IC-ADI 17V, 1A SYNCHRONOUS STEP-DOWN REGULATOR WITH 3.5UA QUIESCENT CURRENT, 3.3V VOUT"," LTC3621IDCB-3.3#TRMPBF",DFN6_2X3_PAD1_35X1_65,N/A,N/A,?,U19,ANALOG DEVICES," LTC3621IDCB-3.3#TRMPBF",REL,N/A,N/A,N/A,N/A,N/A,?,?
86,1,E032258,"IC-ADI ROBUST, LOW LATENCY 10/11/1000 GIGABIT ETHERNET PHY"," ADIN1300CCPZ",QFN40_6X6_PAD2_8X2_8_A,N/A,N/A,?,U2,ANALOG DEVICES," ADIN1300CCPZ",REL,N/A,N/A,N/A,N/A,N/A,?,?
87,1,E029815,IC 1GBPS PARALLEL TO SERIAL MII CONVERTER," MAX24287ETK2",QFN68_8X8_PAD6_25X6_25,N/A,N/A,?,U3,MICROSEMI," MAX24287ETK2",REL,N/A,N/A,N/A,N/A,N/A,?,?
88,1,E058988,IC-ADI ULTRA-LOW-POWER ARM CORTEX-M4 PROCESSOR WITH FPU-BASED MICROCONTROLLER (MCU) WITH 3MB FLASH AND 1MB SRAM," MAX32650GCE+",QFP144-4,N/A,N/A,?,U4,ANALOG DEVICES," MAX32650GCE+",REL,N/A,N/A,N/A,N/A,N/A,?,?
89,1,E012628,"IC-ADI 300mA LOW QUIESCENT I, CMOS LIN REG"," ADP170AUJZ-1.2",TSOT-5,N/A,1.2V,?,U6,ADI," ADP170AUJZ-1.2",REL,N/A,N/A,N/A,N/A,N/A,?,?
90,1,E059396,"IC-ADI 20VIN, 3A STEP-DOWN DC/DC UMODULE REGULATOR"," LTM4623EY#PBF",BGA25_6_25X6_25,N/A,N/A,?,U7,ANALOG DEVICES," LTM4623EY#PBF",REL,N/A,N/A,N/A,N/A,N/A,?,?
91,1,E030988,"IC CRYSTAL LOW ESR, 6PF"," 32.768KHZ",YSML126W59H35,20ppm,N/A,N/A,Y1,ABRACON CORP.," ABS07-LR-32.768KHZ-6-T",REL,N/A,N/A,N/A,N/A,1008203,?,?
92,1,E051324,XTAL 25MEGHZ 10PPM 10PF 80 OHM," 25MEGHZ",YSML79W63H20,10PPM,N/A,N/A,Y2,EPSON TOYOCOM," FA-128 25.0000MF20X-K0",REL,N/A,N/A,N/A,N/A,N/A,?,?
93,1,E055944,IC CRYSTAL OSCILLATOR 3.3V CMOS 25MHZ 50PPM," 25MEGHZ",XSM4PL126W98H39,+/-50ppm,3.3V,N/A,Y3,ABRACON CORP.," ASE-25.000MHZ-LC-T",REL,N/A,N/A,N/A,N/A,N/A,?,?


The following components are part of the PCB or are NOT to be installed
ITEM#,Qty,WW_PN,DESCRIPTION," VALUE",JEDEC_TYPE,TOL,VOLTAGE,WATTAGE,LOCATION,MFG," MFG_PN",HLM_STATUS,STOCKROOM_WL,STOCKROOM_GT,STOCKROOM_LK,STOCKROOM_GBO,STOCKROOM_NSH,CUSTOM_PART,DNI
 5,4,E027519,CAP CER 0.1uF 16V 10% X7R 0402," 0.1uF",C0402,10,16V,N/A,"C98,C102,C105,C106",AMERICAN TECHNICAL CERAMICS," 530L104KT16T",REL,N/A,N/A,N/A,N/A,N/A,?,DNI
 17,1,E000265,CAP CER 22pF 50V 5% C0G 0402," 22pF",C0402,5,50V,N/A,C39,PHYCOMP (YAGEO)," 0402CG220J9B200",REL,A004-0011-016,40302JH302,N/A,N/A,7002906,?,DNI
 19,1,E022680,CAP CER 22uF 10V 20% X5R 0603," 22uF",C0603,20,10V,N/A,C41,MURATA," GRM188R61A226ME15D",REL,N/A,N/A,N/A,N/A,N/A,?,DNI
 38,5,E022242,CONN-PCB MICRO PIN," 1405-2",CNKEY1405-2,N/A,N/A,N/A,"P3,P8,P9,P10,P11",KEYSTONE ELECTRONICS," 1405-2",REL,N/A,N/A,N/A,N/A,N/A,?,DNI
 43,1,E021343,TRAN NPN 45V 0.5A AEC-Q101 SOT23," BC817",SOT23-M3,N/A,45V,1/4W,Q2,NEXPERIA," BC817,215",REL,N/A,N/A,N/A,N/A,N/A,?,DNI
 48,14,E003751,RES SMD 10K Ohm 1% 1/10W 0402 AEC-Q200," 10K",R0402,1,N/A,1/10W,"R21,R25,R29,R57,R59,R65,R102,R103,R105,R108,R109,R111,R113,R116",PANASONIC," ERJ-2RKF1002X",REL,A003-0035-004,41816DG719,N/A,N/A,7000582,?,DNI
 53,4,E022002,RES SMD 49.9 Ohm 1% 1/10W 0402 AEC-Q200," 49.9",R0402,1,N/A,1/10W,"R16,R51,R125,R134","KOA SPEER ELECTRONICS, INC."," RK73H1ETTP49R9F",REL,N/A,N/A,N/A,N/A,N/A,?,DNI
 57,1,E027660,RES SMD 453K Ohm 1% 1/10W 0402 AEC-Q200," 453K",R0402,1,N/A,1/10W,R146,PANASONIC," ERJ-2RKF4533X",REL,N/A,N/A,N/A,N/A,N/A,?,DNI
 58,2,E003464,RES SMD 100K Ohm 5% 1/10W 0402 AEC-Q200," 100K",R0402,5,N/A,1/10W,"R58,R147",PANASONIC," ERJ-2GEJ104X",REL,N/A,N/A,N/A,N/A,7005773,?,DNI
 61,6,E003438,RES SMD 0 Ohm JUMPER 1/10W 0402 AEC-Q200," 0",R0402,JUMPER,N/A,1/10W,"R20,R68,R96,R97,R98,R99",PANASONIC," ERJ-2GE0R00X",REL,A003-0021-001,N/A,N/A,1138_CAB3,7000282,?,DNI
 62,1,E003791,RES SMD 20K Ohm 1% 1/10W 0402 AEC-Q200," 20K",R0402,1,N/A,1/10W,R214,PANASONIC," ERJ-2RKF2002X",REL,A003-0035-048,41816DG1537,N/A,1264_CAB3,N/A,?,DNI
 67,1,E003682,RES SMD 1MEG Ohm 1% 1/10W 0603 AEC-Q200," 1MEG",R0603,1,N/A,1/10W,R32,PANASONIC," ERJ-3EKF1004V",REL,A003-0032-017,41816DG307,FEC 911-598,N/A,N/A,?,DNI
 74,1,E004049,"DO NOT INSTALL (TBD_R0402), PLEASE USE SYM_3 AND/OR SYM_4"," TBD0402",R0402,TBD0402,N/A,TBD0402,R6,TBD0402," TBD0402",REL,TBD0402,N/A,N/A,N/A,N/A,?,DNI
 76,2,E019661,RES SMD 113K Ohm 1% 1/16W 0402 AEC-Q200," 113K",R0402,1,N/A,1/16W,"R79,R80",VISHAY," CRCW0402113KFKED",REL,N/A,N/A,N/A,N/A,7005973,?,DNI
 77,1,E003760,RES SMD 100 Ohm 1% 1/16W 0402," 100",R0402,1,N/A,1/16W,R95,VENKEL," CR0402-16W-1000FPT",REL,A003-0035-014,N/A,N/A,749_CAB3,N/A,?,DNI

